{"cameraMode":{"drawMode":0,"name":"Shaded","section":"Shading Mode"},"sceneLighting":true,"audioPlay":false,"sceneViewState":{"m_AlwaysRefresh":false,"showFog":true,"showSkybox":true,"showFlares":true,"showImageEffects":true,"showParticleSystems":true,"showVisualEffectGraphs":true,"m_FxEnabled":true},"in2DMode":false,"pivot":{"x":2.5588371753692629,"y":5.370048999786377,"z":-9.95174789428711},"rotation":{"x":0.08534508943557739,"y":-0.09104660153388977,"z":0.00789991207420826,"w":0.9922134876251221},"size":0.8660253882408142,"orthographic":false}