{"cameraMode":{"drawMode":0,"name":"Shaded","section":"Shading Mode"},"sceneLighting":true,"audioPlay":false,"sceneViewState":{"m_AlwaysRefresh":false,"showFog":true,"showSkybox":true,"showFlares":true,"showImageEffects":true,"showParticleSystems":true,"showVisualEffectGraphs":true,"m_FxEnabled":true},"in2DMode":false,"pivot":{"x":-6.438161373138428,"y":0.8710317611694336,"z":-8.82634162902832},"rotation":{"x":-0.03030470944941044,"y":-0.003900358686223626,"z":0.0001184553766506724,"w":-0.9995343685150147},"size":0.7071067690849304,"orthographic":false}